{"cameraMode":{"drawMode":0,"name":"Shaded","section":"Shading Mode"},"sceneLighting":false,"audioPlay":false,"sceneViewState":{"m_AlwaysRefresh":true,"showFog":true,"showSkybox":false,"showFlares":true,"showImageEffects":true,"showParticleSystems":true,"showVisualEffectGraphs":true,"m_FxEnabled":true},"in2DMode":false,"pivot":{"x":0.004007184877991676,"y":0.017883427441120149,"z":-0.08257749676704407},"rotation":{"x":0.07415620237588883,"y":0.8957417011260986,"z":-0.16328385472297669,"w":0.4068024158477783},"size":0.40067359805107119,"orthographic":false}